<?xml version="1.0" encoding="UTF-8"?>
<ftstdata>
	<topic name="Introduction" url="0000_introduction.htm"/>
	<topic name="JSEclipse Overview" url="1000_aboutjseclipse.htm"/>
	<topic name="About JSEclipse" url="1100_aboutjsec.htm"/>
	<topic name="Workspace orientation" url="1200_wrkspace.htm"/>
	<topic name="Features" url="1300_prodchar.htm"/>
	<topic name="Concepts" url="1400_concepts.htm"/>
	<topic name="Prerequisites" url="1500_prerequisites.htm"/>
	<topic name="Installing JSEclipse" url="2000_installing.htm"/>
	<topic name="Install and update JSEclipse with the Update Manager" url="2200_autoinstupdate.htm"/>
	<topic name="Configure JSEclipse" url="2300_configurejseclipse.htm"/>
	<topic name="Set JSEclipse as the default JavaScript editor" url="2400_setdefjseditor.htm"/>
	<topic name="Uninstall JSEclipse" url="2500_uninstaljseclipse.htm"/>
	<topic name="Using JSEclipse" url="3000_usingjseclipse.htm"/>
	<topic name="Using code completion" url="3100_codecomplet.htm"/>
	<topic name="Code completion for JavaScript functions" url="3120_codecomplfunc.htm"/>
	<topic name="Code completion for JavaDoc comments" url="3130_javadoc.htm"/>
	<topic name="Extending the code completion" url="3140_extendcodecompletion.htm"/>
	<topic name="Navigating in JavaScript projects" url="3200_addednavigation.htm"/>
	<topic name="Content outline" url="3210_functionoutline.htm"/>
	<topic name="Locate definition" url="3220_gotodef.htm"/>
	<topic name="Editing aids" url="3230_editingaids.htm"/>
	<topic name="Error reporting in the editor" url="3300_jserrordebug.htm"/>
	<topic name="Other enhancements" url="3400_otherenhancements.htm"/>
	<topic name="Other resources" url="4000_otherres.htm"/>
	<topic name="Copyright" url="5000_copyright.htm"/>
</ftstdata>
