<?xml version="1.0" encoding="UTF-8"?>
<ftswdata>
	<key name="few"> 14,11, </key>
	<key name="field"> 9,8, </key>
	<key name="fil"> 2,15,14,9,18,20,21,16,4,7,19,17,22,10,11,13,3, </key>
	<key name="filenam"> 9, </key>
	<key name="find"> 2,8,19,17,23,3, </key>
	<key name="finish"> 8, </key>
	<key name="first"> 9,16,8,22, </key>
	<key name="fitnes"> 24, </key>
	<key name="fold"> 9,20,16,4,8,11, </key>
	<key name="follow"> 14,9,21,4,8,7,1,19,23,6,10,12,3, </key>
	<key name="forget"> 16, </key>
	<key name="format"> 15,21,16,13, </key>
	<key name="forth"> 16,22, </key>
	<key name="forum"> 23, </key>
	<key name="front"> 4, </key>
	<key name="full"> 20, </key>
	<key name="function"> 2,14,9,18,20,21,16,4,19,17,22,13,3, </key>
	<key name="functionality"> 14, </key>
	<key name="furthermor"> 19, </key>
	<key name="g"> 11, </key>
	<key name="general"> 10, </key>
	<key name="get"> 16,4,6, </key>
	<key name="getelementbyid"> 14,16, </key>
	<key name="getelementsbytagnam"> 16, </key>
	<key name="getelmentbyid"> 14,4, </key>
	<key name="go"> 14,8,22,10, </key>
	<key name="grid"> 9, </key>
	<key name="growold"> 19, </key>
	<key name="growoldertext"> 19, </key>
	<key name="handl"> 9,7, </key>
	<key name="held"> 24, </key>
	<key name="help"> 15,14,20,8,19,17,22,13, </key>
	<key name="her"> 15,8,6, </key>
	<key name="hid"> 14, </key>
	<key name="hierarchical"> 8, </key>
	<key name="high"> 6, </key>
	<key name="highlight"> 9,20,4,19, </key>
	<key name="hint"> 2, </key>
	<key name="hit"> 19, </key>
	<key name="hold"> 20, </key>
	<key name="hom"> 23, </key>
	<key name="hover"> 4, </key>
	<key name="how"> 8,7, </key>
	<key name="html"> 15,14,20,4,22, </key>
	<key name="http"> 24,8, </key>
	<key name="hurry"> 22, </key>
	<key name="i"> 8, </key>
	<key name="icon"> 18,10,3, </key>
	<key name="id"> 14,16,4,12, </key>
	<key name="identical"> 19, </key>
	<key name="if"> 14,9,18,21,16,4,8,19,6,10, </key>
	<key name="imag"> 18, </key>
	<key name="implement"> 15, </key>
	<key name="impli"> 24, </key>
	<key name="import"> 9, </key>
	<key name="includ"> 24, </key>
	<key name="incorporat"> 24,0, </key>
	<key name="indentation"> 4, </key>
	<key name="index"> 22, </key>
	<key name="indicat"> 3, </key>
	<key name="information"> 15,14, </key>
	<key name="infringement"> 24, </key>
	<key name="inlin"> 13, </key>
	<key name="innerhtml"> 16, </key>
	<key name="insert"> 14,16, </key>
	<key name="insid"> 15,21,19, </key>
	<key name="inspect"> 14, </key>
	<key name="instal"> 9,8,7,6,10,11,3, </key>
	<key name="install"> 8,7,6,10, </key>
	<key name="installation"> 9,8,10, </key>
	<key name="instanc"> 14,19, </key>
	<key name="instead"> 21,8, </key>
	<key name="instruction"> 8, </key>
	<key name="integrat"> 16,4, </key>
	<key name="interakt"> 24, </key>
	<key name="interaktonlin"> 23,11, </key>
	<key name="interest"> 20, </key>
	<key name="interfac"> 9,4,8, </key>
	<key name="internal"> 10, </key>
	<key name="invalid"> 24, </key>
	<key name="involv"> 8,17, </key>
	<key name="item"> 9,18,16,10, </key>
	<key name="itself"> 14, </key>
	<key name="jar"> 11, </key>
	<key name="java"> 6,3, </key>
	<key name="javadoc"> 15,9,4,13, </key>
	<key name="javascript"> 2,14,9,18,20,4,7,19,17,22,10,13,12,3, </key>
	<key name="john"> 14, </key>
	<key name="john2"> 14, </key>
	<key name="js"> 2,15,19,22,10,3, </key>
	<key name="jseclips"> 2,15,14,9,18,24,20,21,16,4,8,7,1,19,17,22,23,6,10,11,13,12,3, </key>
	<key name="jseclipse_x"> 11, </key>
	<key name="just"> 14,9,4,22, </key>
	<key name="keep"> 19,17, </key>
	<key name="key"> 4,19,22, </key>
	<key name="keyword"> 14, </key>
	<key name="known"> 10, </key>
	<key name="lab"> 24,8,23, </key>
	<key name="label"> 9,8, </key>
	<key name="languag"> 4, </key>
	<key name="larg"> 19, </key>
	<key name="last"> 9,16, </key>
	<key name="latest"> 8,22, </key>
	<key name="learn"> 8,7, </key>
	<key name="left"> 9, </key>
	<key name="legal"> 24, </key>
	<key name="length"> 20, </key>
	<key name="let"> 16,7,19, </key>
	<key name="letter"> 14,22, </key>
	<key name="librari"> 2,16,4, </key>
	<key name="library"> 2,14,16,4,22, </key>
	<key name="licenc"> 8, </key>
	<key name="licens"> 24,8, </key>
	<key name="lik"> 9,22, </key>
	<key name="limitation"> 14, </key>
	<key name="lin"> 21,16,4,22, </key>
	<key name="linux"> 10, </key>
	<key name="list"> 15,14,9,8,22,10,13,3, </key>
	<key name="ll"> 3, </key>
	<key name="load"> 9,4,8,19, </key>
	<key name="locat"> 18,19,17,11, </key>
	<key name="location"> 20,4,8, </key>
	<key name="long"> 4,22, </key>
	<key name="macromedia"> 8, </key>
	<key name="main"> 9,18,8,1,22,6,10,3, </key>
	<key name="major"> 22, </key>
	<key name="mak"> 18,16,4,8,22,12, </key>
	<key name="man"> 8, </key>
	<key name="manag"> 8,7, </key>
	<key name="manipulat"> 10, </key>
	<key name="manipulation"> 14, </key>
	<key name="manual"> 15,14,8,10,12, </key>
	<key name="mark"> 20,21,22, </key>
	<key name="marker"> 4, </key>
	<key name="match"> 9,4, </key>
	<key name="mean"> 24, </key>
	<key name="mechanism"> 14, </key>
	<key name="meet"> 6, </key>
	<key name="menu"> 16,8,19,22,13,3, </key>
	<key name="merchantability"> 24, </key>
	<key name="messag"> 21,4, </key>
	<key name="method"> 14,18,16,4,19,22,13, </key>
	<key name="might"> 4,22,3, </key>
	<key name="milea"> 24,23, </key>
	<key name="most"> 14, </key>
	<key name="mous"> 20,4,19, </key>
	<key name="mov"> 20,8,6,3, </key>
	<key name="much"> 22, </key>
	<key name="multipl"> 18,19, </key>
	<key name="must"> 15,14,16,8,19,6, </key>
	<key name="mzaharia"> 24, </key>
	<key name="nam"> 14,9,18,20,21,16,4,8,19,22,10,11,3, </key>
	<key name="navigat"> 17,11,12, </key>
	<key name="navigation"> 22, </key>
	<key name="navigator"> 14,3, </key>
	<key name="ne"> 14,9,8,22,10,13, </key>
	<key name="need"> 14, </key>
	<key name="network"> 8,7, </key>
	<key name="nev"> 14, </key>
	<key name="new"> 14,9,21,16,8,19,22,23,3, </key>
	<key name="new_object"> 14, </key>
	<key name="next"> 20,21,16,8,10,3, </key>
	<key name="nod"> 16, </key>
	<key name="not"> 16,8,6,10, </key>
	<key name="notic"> 19,10,3, </key>
	<key name="notify"> 8, </key>
	<key name="now"> 22,10, </key>
	<key name="nr"> 24,23, </key>
	<key name="numb"> 4,11, </key>
	<key name="object"> 14,16, </key>
	<key name="occur"> 21, </key>
	<key name="occurrenc"> 9,20,4,19, </key>
	<key name="of"> 20,3, </key>
	<key name="offer"> 14,8,3, </key>
	<key name="often"> 17,22, </key>
	<key name="ok"> 9,16,8,10, </key>
	<key name="old"> 13, </key>
	<key name="on"> 9,16,8,22,13, </key>
	<key name="onc"> 21,8, </key>
	<key name="onlin"> 24, </key>
	<key name="open"> 9,18,4,8,19,17,22,10,11,13,3, </key>
	<key name="operation"> 17, </key>
	<key name="option"> 14,9,21,16,4,8,22,13, </key>
	<key name="optional"> 16, </key>
	<key name="ord"> 14,9,8,19,6,12, </key>
	<key name="orientation"> 1,3, </key>
	<key name="original"> 4,22, </key>
	<key name="out"> 4,23,3, </key>
	<key name="outlin"> 2,18,20,21,4,17,3, </key>
	<key name="overview"> 1, </key>
	<key name="own"> 20,16,13, </key>
	<key name="owner"> 24, </key>
	<key name="packag"> 8,10, </key>
	<key name="pag"> 15,9,8,23,6,10, </key>
	<key name="painful"> 17, </key>
	<key name="palet"> 9, </key>
	<key name="panel"> 18,20,21,4,3, </key>
	<key name="paramet"> 14, </key>
	<key name="parameter"> 14,18,13, </key>
	<key name="parent"> 14, </key>
	<key name="pars"> 14,22, </key>
	<key name="part"> 24, </key>
	<key name="particular"> 14,9,24,16,10, </key>
	<key name="peek"> 22, </key>
	<key name="perform"> 8,10, </key>
	<key name="person"> 14,18,19, </key>
	<key name="personal"> 9, </key>
	<key name="perspectiv"> 3, </key>
	<key name="pertain"> 24, </key>
	<key name="phon"> 24,23, </key>
	<key name="plac"> 20,19, </key>
	<key name="platform"> 2, </key>
	<key name="plug"> 8,23, </key>
	<key name="plugin"> 2,9,4,8,7,22,6,10,11,13,3, </key>
	<key name="pop"> 9,13, </key>
	<key name="position"> 18,4, </key>
	<key name="possibl"> 15,14, </key>
	<key name="potential"> 10, </key>
	<key name="powerful"> 2, </key>
	<key name="predefin"> 14, </key>
	<key name="pref"> 9, </key>
	<key name="preferenc"> 9,8,22,10,3, </key>
	<key name="prefix"> 16, </key>
	<key name="prerequisit"> 1,6, </key>
	<key name="pres"> 14,4,19,22, </key>
	<key name="present"> 1, </key>
	<key name="previou"> 6, </key>
	<key name="prior"> 24, </key>
	<key name="probab"> 20, </key>
	<key name="problem"> 21,4,7,10, </key>
	<key name="proces"> 8,19, </key>
	<key name="product"> 24,23,12, </key>
	<key name="productiv"> 14,20, </key>
	<key name="program"> 4, </key>
	<key name="progres"> 8, </key>
	<key name="project"> 14,18,16,4,19,17,22,6,13,12,3, </key>
	<key name="prompt"> 8,10, </key>
	<key name="prop"> 4,13, </key>
	<key name="proper"> 14,8, </key>
	<key name="properti"> 9, </key>
	<key name="property"> 24, </key>
	<key name="propos"> 14, </key>
	<key name="protection"> 24, </key>
	<key name="provid"> 15,14,24,20,4,8,13, </key>
	<key name="proxy"> 8, </key>
	<key name="pub"> 8, </key>
	<key name="purpos"> 24, </key>
	<key name="question"> 23, </key>
	<key name="quick"> 2,14, </key>
	<key name="quot"> 4, </key>
	<key name="radio"> 8, </key>
	<key name="rang"> 14, </key>
	<key name="rare"> 19, </key>
</ftswdata>
