<?xml version="1.0" encoding="UTF-8"?>
<ftswdata>
	<key name="0"> 16, </key>
	<key name="061344"> 24,23, </key>
	<key name="1"> 2,24,16,23,6, </key>
	<key name="12"> 24,23, </key>
	<key name="2000"> 24, </key>
	<key name="2006"> 24,0, </key>
	<key name="2h"> 24,23, </key>
	<key name="3"> 2,6, </key>
	<key name="312"> 24,23, </key>
	<key name="4"> 10, </key>
	<key name="4021"> 24,23, </key>
	<key name="5"> 8,6, </key>
	<key name="51"> 24,23, </key>
	<key name="53"> 24,23, </key>
	<key name="7"> 8, </key>
	<key name="8"> 16, </key>
	<key name="91"> 24,23, </key>
	<key name="abov"> 14, </key>
	<key name="accept"> 8, </key>
	<key name="acces"> 14,9,16,8,19,22, </key>
	<key name="accord"> 8, </key>
	<key name="accordanc"> 9, </key>
	<key name="acknowledg"> 24, </key>
	<key name="activ"> 14,8,13,3, </key>
	<key name="actual"> 19, </key>
	<key name="ad"> 2,15,18,21,16,4,8,19,17,22,12, </key>
	<key name="adapt"> 9, </key>
	<key name="add"> 15,14,9,16,8,22,10,13, </key>
	<key name="addres"> 24,23, </key>
	<key name="adob"> 24,8,0,23, </key>
	<key name="ag"> 19, </key>
	<key name="agreement"> 8, </key>
	<key name="aid"> 20, </key>
	<key name="allow"> 15,14,9,18,20,4,8,19,22,10,13, </key>
	<key name="almost"> 14, </key>
	<key name="already"> 14,9,16,8,6, </key>
	<key name="alternative"> 19, </key>
	<key name="although"> 8, </key>
	<key name="anoth"> 9,22,10, </key>
	<key name="answer"> 23, </key>
	<key name="any"> 24,8,10,11, </key>
	<key name="ap"> 9,8,22, </key>
	<key name="api"> 15, </key>
	<key name="appear"> 15,14,21,8,10, </key>
	<key name="appli"> 4, </key>
	<key name="application"> 4, </key>
	<key name="archiv"> 8, </key>
	<key name="area"> 8,10, </key>
	<key name="argument"> 10, </key>
	<key name="asid"> 22, </key>
	<key name="ask"> 8, </key>
	<key name="assist"> 14, </key>
	<key name="assistanc"> 2, </key>
	<key name="associat"> 24,10, </key>
	<key name="association"> 10, </key>
	<key name="attempt"> 8, </key>
	<key name="attribut"> 16, </key>
	<key name="authorization"> 24, </key>
	<key name="auto"> 9, </key>
	<key name="autoinstall"> 8, </key>
	<key name="automat"> 8, </key>
	<key name="automatic"> 4,8, </key>
	<key name="automatical"> 14,9,4,8,7,22,10, </key>
	<key name="availabl"> 15,14,9,16,8,3, </key>
	<key name="back"> 22,10, </key>
	<key name="bad"> 7, </key>
	<key name="bar"> 10,3, </key>
	<key name="bas"> 16, </key>
	<key name="basic"> 22, </key>
	<key name="bd"> 24,23, </key>
	<key name="be"> 14, </key>
	<key name="becom"> 14, </key>
	<key name="befor"> 8, </key>
	<key name="below"> 14,18,16,8, </key>
	<key name="bet"> 16, </key>
	<key name="beyond"> 22, </key>
	<key name="bit"> 22, </key>
	<key name="block"> 4,22, </key>
	<key name="body"> 20,4, </key>
	<key name="book"> 7,1,12, </key>
	<key name="both"> 14, </key>
	<key name="bottom"> 10, </key>
	<key name="box"> 9,8,10, </key>
	<key name="brac"> 4, </key>
	<key name="bracket"> 4, </key>
	<key name="brought"> 22, </key>
	<key name="brows"> 9,16,8,11, </key>
	<key name="bucharest"> 24,23, </key>
	<key name="build"> 15, </key>
	<key name="built"> 16,8, </key>
	<key name="button"> 9,4,8,10, </key>
	<key name="bypas"> 7, </key>
	<key name="c"> 11, </key>
	<key name="cal"> 4, </key>
	<key name="calendar"> 14, </key>
	<key name="categori"> 9, </key>
	<key name="category"> 9,8,10, </key>
	<key name="caution"> 19, </key>
	<key name="cdata"> 16, </key>
	<key name="certain"> 19, </key>
	<key name="chang"> 9,4,8,22,10, </key>
	<key name="chapt"> 2, </key>
	<key name="chapter"> 7,1,12, </key>
	<key name="characteristic"> 1, </key>
	<key name="check"> 2,14,8, </key>
	<key name="checkbox"> 8, </key>
	<key name="choos"> 8, </key>
	<key name="citizen"> 19, </key>
	<key name="city"> 19, </key>
	<key name="clas"> 14,18,16,4,19,17,22,13,3, </key>
	<key name="class_nam"> 14, </key>
	<key name="clean"> 19,10, </key>
	<key name="clear"> 22, </key>
	<key name="click"> 14,9,18,20,16,4,8,19,22,10, </key>
	<key name="clos"> 16,4,8,10,11, </key>
	<key name="cod"> 2,15,14,9,20,16,4,19,17,22,13,12, </key>
	<key name="collaps"> 20,4, </key>
	<key name="color"> 9,20,4, </key>
	<key name="colour"> 9, </key>
	<key name="com"> 24,20,16,8,22,23,11, </key>
	<key name="command"> 19,22,10, </key>
	<key name="comment"> 15,14,9,24,4,13, </key>
	<key name="common"> 7, </key>
	<key name="complet"> 9,8, </key>
	<key name="complete"> 11, </key>
	<key name="completion"> 2,15,14,16,4,22,13,12, </key>
	<key name="complex"> 14,20,17, </key>
	<key name="concept"> 5,1, </key>
	<key name="condition"> 24, </key>
	<key name="configur"> 9,8,7,10, </key>
	<key name="configuration"> 9,8,7, </key>
	<key name="confirmation"> 8, </key>
	<key name="conjunction"> 14, </key>
	<key name="connection"> 8, </key>
	<key name="consid"> 19, </key>
	<key name="consist"> 3, </key>
	<key name="consol"> 10, </key>
	<key name="consult"> 23, </key>
	<key name="contact"> 23, </key>
	<key name="contain"> 21,16,8,7,1,19,22,12, </key>
	<key name="content"> 2,14,18,17,13,3, </key>
	<key name="contextual"> 19,13, </key>
	<key name="continu"> 8, </key>
	<key name="continuation"> 15, </key>
	<key name="control"> 9, </key>
	<key name="copi"> 4,8,22, </key>
	<key name="copy"> 24,16,22, </key>
	<key name="copyright"> 24,0, </key>
	<key name="correct"> 14,21,16,8,19,10, </key>
	<key name="correspond"> 9, </key>
	<key name="could"> 22, </key>
	<key name="cover"> 2, </key>
	<key name="creat"> 2,15,14,16,4,19,22, </key>
	<key name="creation"> 14, </key>
	<key name="ctrl"> 14,4, </key>
	<key name="cumbersom"> 20,22, </key>
	<key name="current"> 15,14,20,16,4,8,22,10,13,3, </key>
	<key name="cursor"> 18,20,4,19, </key>
	<key name="custom"> 14,16, </key>
	<key name="debug"> 4,12, </key>
	<key name="decid"> 16, </key>
	<key name="declaration"> 21,4,19,17, </key>
	<key name="decompilation"> 24, </key>
	<key name="default"> 16,8,7,10,3, </key>
	<key name="defin"> 2,14,9,18,16,4,8,19,22,10,3, </key>
	<key name="definabl"> 4, </key>
	<key name="definition"> 2,18,16,4,19,17,22,13, </key>
	<key name="delay"> 9, </key>
	<key name="delet"> 11, </key>
	<key name="depend"> 3, </key>
	<key name="describ"> 16,7, </key>
	<key name="description"> 15,9,1, </key>
	<key name="desir"> 9,8,22,13, </key>
	<key name="detail"> 2,13,12, </key>
	<key name="determin"> 22, </key>
	<key name="develop"> 15,14,18,19,22, </key>
	<key name="developer"> 15,22, </key>
	<key name="development"> 2,4,12, </key>
	<key name="dialog"> 9,16,8,22,10, </key>
	<key name="dialogu"> 13, </key>
	<key name="different"> 18,4,19, </key>
	<key name="difficult"> 4,17, </key>
	<key name="digital"> 8, </key>
	<key name="direct"> 22, </key>
	<key name="disabl"> 9,8, </key>
	<key name="disclaim"> 24, </key>
	<key name="disclaimer"> 24, </key>
	<key name="discus"> 23, </key>
	<key name="display"> 15,14,9,18,20,21,16,4,8,19,22,10,3, </key>
	<key name="distinguish"> 18, </key>
	<key name="distribut"> 24, </key>
	<key name="distribution"> 24, </key>
	<key name="div"> 14, </key>
	<key name="do"> 22,10, </key>
	<key name="document"> 14,24,16,22, </key>
	<key name="documentation"> 15,24,16,4, </key>
	<key name="don"> 8,19, </key>
	<key name="dot"> 14, </key>
	<key name="doubl"> 4, </key>
	<key name="download"> 8, </key>
	<key name="dozen"> 17, </key>
	<key name="du"> 18, </key>
	<key name="e"> 11, </key>
	<key name="easi"> 15,18,4,22,10,12, </key>
	<key name="easy"> 15,9,18,4,11, </key>
	<key name="eat"> 19, </key>
	<key name="eclips"> 2,9,21,16,4,8,7,22,23,6,10,11,13,12,3, </key>
	<key name="edit"> 2,9,20,4,17,22,13,3, </key>
	<key name="editor"> 18,21,4,7,19,22,10,12,3, </key>
	<key name="effect"> 8, </key>
	<key name="eith"> 14,4, </key>
	<key name="element"> 14,16, </key>
	<key name="embed"> 4,22, </key>
	<key name="empty"> 10, </key>
	<key name="enabl"> 9,4,8,22, </key>
	<key name="enclos"> 16, </key>
	<key name="encod"> 16, </key>
	<key name="encounter"> 7, </key>
	<key name="enhancement"> 2,22,12, </key>
	<key name="ensur"> 8, </key>
	<key name="ent"> 9,8,10, </key>
	<key name="entir"> 14,4, </key>
	<key name="entire"> 22, </key>
	<key name="entri"> 14, </key>
	<key name="entry"> 15,8,19,22,10, </key>
	<key name="environment"> 21,4,6, </key>
	<key name="error"> 2,9,20,21,4,22,12, </key>
	<key name="et"> 24,23, </key>
	<key name="etc"> 16, </key>
	<key name="ev"> 20, </key>
	<key name="evaluat"> 14, </key>
	<key name="even"> 20,16, </key>
	<key name="eventual"> 16, </key>
	<key name="exact"> 14, </key>
	<key name="exampl"> 14,19,22, </key>
	<key name="except"> 24, </key>
	<key name="exercis"> 19, </key>
	<key name="exist"> 14,9,16,4,8,22, </key>
	<key name="exit"> 10, </key>
	<key name="expand"> 4,8,10, </key>
	<key name="explain"> 16,12, </key>
	<key name="explicit"> 14, </key>
	<key name="explor"> 10, </key>
	<key name="export"> 9, </key>
	<key name="expres"> 24, </key>
	<key name="extend"> 14,20,16,22, </key>
	<key name="extendabl"> 2,16,4, </key>
	<key name="extension"> 10, </key>
	<key name="extent"> 24, </key>
	<key name="external"> 9,20, </key>
	<key name="extract"> 20, </key>
	<key name="f1"> 22, </key>
	<key name="f3"> 4,19, </key>
	<key name="fail"> 10, </key>
	<key name="fax"> 24,23, </key>
	<key name="featur"> 2,18,20,16,4,8,1,22,23,13,12, </key>
</ftswdata>
