<?xml version="1.0" encoding="UTF-8"?>
<ftswdata>
	<key name="rath"> 17, </key>
	<key name="re"> 14,13, </key>
	<key name="read"> 15,4,22,13, </key>
	<key name="reason"> 10, </key>
	<key name="recogniz"> 14, </key>
	<key name="recommend"> 8, </key>
	<key name="rectangl"> 9, </key>
	<key name="red"> 21, </key>
	<key name="referenc"> 2,4,22, </key>
	<key name="refresh"> 22, </key>
	<key name="relat"> 23, </key>
	<key name="remain"> 13, </key>
	<key name="remot"> 8, </key>
	<key name="remov"> 9,10,11, </key>
	<key name="repl"> 16, </key>
	<key name="replac"> 9, </key>
	<key name="report"> 2,9,20,21,4,22, </key>
	<key name="representation"> 24, </key>
	<key name="reproduc"> 24, </key>
	<key name="request"> 14, </key>
	<key name="reserv"> 24,0, </key>
	<key name="resourc"> 23, </key>
	<key name="respect"> 17, </key>
	<key name="respectiv"> 24,8, </key>
	<key name="respective"> 8, </key>
	<key name="restart"> 8,11, </key>
	<key name="restrict"> 24, </key>
	<key name="retriev"> 15, </key>
	<key name="reus"> 19, </key>
	<key name="right"> 14,18,24,4,0,19,22, </key>
	<key name="romania"> 24,23, </key>
	<key name="row"> 14,20, </key>
	<key name="run"> 10, </key>
	<key name="runtim"> 14,6, </key>
	<key name="s"> 14,16,4,8,1,19,22,10, </key>
	<key name="sam"> 14,9,21,19,10, </key>
	<key name="sampl"> 14,18, </key>
	<key name="sav"> 18,22, </key>
	<key name="say"> 19, </key>
	<key name="scan"> 13, </key>
	<key name="schedul"> 8, </key>
	<key name="screen"> 14,18, </key>
	<key name="script"> 14,20,22, </key>
	<key name="sdk"> 2,6, </key>
	<key name="se"> 14,9,16,19, </key>
	<key name="search"> 8, </key>
	<key name="section"> 9,8, </key>
	<key name="select"> 15,14,9,18,16,8,19,22,10,13,3, </key>
	<key name="send"> 24, </key>
	<key name="separat"> 4,19,22, </key>
	<key name="serv"> 8, </key>
	<key name="set"> 15,9,20,4,8,7,10, </key>
	<key name="shell"> 10, </key>
	<key name="should"> 20,16, </key>
	<key name="show"> 18,16,8, </key>
	<key name="shown"> 8,22,10, </key>
	<key name="sid"> 18, </key>
	<key name="sign"> 20,8, </key>
	<key name="signatur"> 8, </key>
	<key name="similar"> 16,8, </key>
	<key name="simp"> 14,16,8, </key>
	<key name="simpl"> 16,22, </key>
	<key name="sinc"> 10, </key>
	<key name="singl"> 20,4, </key>
	<key name="sit"> 8, </key>
	<key name="skip"> 8, </key>
	<key name="sleep"> 19, </key>
	<key name="smal"> 22, </key>
	<key name="so"> 15,16,22,10, </key>
	<key name="softwar"> 8,6, </key>
	<key name="somewhat"> 22, </key>
	<key name="sort"> 4, </key>
	<key name="spac"> 14,9,4, </key>
	<key name="specific"> 15,16, </key>
	<key name="specify"> 9, </key>
	<key name="src"> 14, </key>
	<key name="standard"> 15,14,4, </key>
	<key name="start"> 15,14,16,8,22, </key>
	<key name="statu"> 9, </key>
	<key name="step"> 8,10,11, </key>
	<key name="still"> 13, </key>
	<key name="stor"> 16,19, </key>
	<key name="str"> 14,16, </key>
	<key name="styl"> 9,13, </key>
	<key name="sub"> 10, </key>
	<key name="subject"> 24, </key>
	<key name="suggest"> 14,16,4,23,13, </key>
	<key name="suggestion"> 14,24, </key>
	<key name="suitabl"> 8, </key>
	<key name="support"> 15,14,4,23, </key>
	<key name="sur"> 8, </key>
	<key name="surfac"> 22, </key>
	<key name="symbol"> 15, </key>
	<key name="syntax"> 2,9,20,4, </key>
	<key name="system"> 24,16,8,0,11, </key>
	<key name="tab"> 9, </key>
	<key name="tag"> 15,14,20,16,4,22, </key>
	<key name="tak"> 9,8,22,11, </key>
	<key name="task"> 14, </key>
	<key name="teach"> 7, </key>
	<key name="technical"> 23, </key>
	<key name="technologi"> 24, </key>
	<key name="templat"> 2,9,22, </key>
	<key name="temporary"> 22, </key>
	<key name="term"> 8, </key>
	<key name="text"> 14,21,16,22, </key>
	<key name="them"> 14,9,4,8,17, </key>
	<key name="therefor"> 14, </key>
	<key name="thre"> 9,16, </key>
	<key name="thu"> 19, </key>
	<key name="tim"> 14,18,8, </key>
	<key name="tip"> 14, </key>
	<key name="titl"> 10,3, </key>
	<key name="ton"> 4, </key>
	<key name="tool"> 15,14, </key>
	<key name="tooltip"> 20,4, </key>
	<key name="top"> 20,16,10,13, </key>
	<key name="topic"> 3, </key>
	<key name="track"> 17, </key>
	<key name="trademark"> 24, </key>
	<key name="tre"> 9, </key>
	<key name="trig"> 16, </key>
	<key name="turn"> 8, </key>
	<key name="two"> 18,16,8,22,10, </key>
	<key name="typ"> 15,14,21,4,22, </key>
	<key name="un"> 8, </key>
	<key name="uncheck"> 9, </key>
	<key name="uninstall"> 11, </key>
	<key name="up"> 9,8,13, </key>
	<key name="updat"> 8,7, </key>
	<key name="upgrad"> 8, </key>
	<key name="url"> 8, </key>
	<key name="us"> 2,14,9,18,4,8,7,19,22,23,13,12,3, </key>
	<key name="useful"> 22, </key>
	<key name="user"> 23, </key>
	<key name="usual"> 18, </key>
	<key name="utf"> 16, </key>
	<key name="valid"> 16, </key>
	<key name="valu"> 16, </key>
	<key name="var"> 14, </key>
	<key name="variabl"> 14,20,16,4,22, </key>
	<key name="variou"> 3, </key>
	<key name="vasil"> 24,23, </key>
	<key name="version"> 16,8,6,11, </key>
	<key name="very"> 17,22,11, </key>
	<key name="via"> 8, </key>
	<key name="view"> 18,22,13,3, </key>
	<key name="visibl"> 18,22, </key>
	<key name="want"> 14,9,10, </key>
	<key name="warn"> 21,8, </key>
	<key name="warranti"> 24, </key>
	<key name="warranty"> 24, </key>
	<key name="way"> 14,16,22, </key>
	<key name="websit"> 24, </key>
	<key name="well"> 18,16,4,7,17,22, </key>
	<key name="wen"> 20, </key>
	<key name="what"> 14,9,16,8,13,3, </key>
	<key name="wheth"> 9, </key>
	<key name="whil"> 14, </key>
	<key name="will"> 15,14,9,20,21,16,4,8,7,19,22,10, </key>
	<key name="window"> 14,9,18,16,4,8,22,10,11,3, </key>
	<key name="within"> 16,22, </key>
	<key name="without"> 24,8, </key>
	<key name="word"> 14,4,19,22,13, </key>
	<key name="work"> 14,9,18,16,19,6,3, </key>
	<key name="workbench"> 9,8,22,10,11,3, </key>
	<key name="workspac"> 16,1,3, </key>
	<key name="would"> 14, </key>
	<key name="wrap"> 4,22, </key>
	<key name="writ"> 4,22, </key>
	<key name="written"> 14,24, </key>
	<key name="x"> 11, </key>
	<key name="xml"> 9,16,4,13, </key>
	<key name="yes"> 8, </key>
	<key name="your"> 9,20,16,8,22,11,13, </key>
	<key name="zip"> 24,8,23, </key>
</ftswdata>
