<?xml version="1.0" encoding="UTF-8"?>
<indexdata>
	<key name="Access">
		<topic name="Configure JSEclipse" url="2300_configurejseclipse.htm"/>
		<topic name="Locate definition" url="3220_gotodef.htm"/>
		<key name="JSEclipse">
			<topic name="Configure JSEclipse" url="2300_configurejseclipse.htm"/>
		</key>
		<key name="Open">
			<topic name="Locate definition" url="3220_gotodef.htm"/>
		</key>
	</key>
	<key name="Add">
		<topic name="Extending the code completion" url="3140_extendcodecompletion.htm"/>
		<topic name="Install and update JSEclipse with the Update Manager" url="2200_autoinstupdate.htm"/>
		<key name="New">
			<topic name="Install and update JSEclipse with the Update Manager" url="2200_autoinstupdate.htm"/>
		</key>
	</key>
	<key name="Add button">
		<topic name="Set JSEclipse as the default JavaScript editor" url="2400_setdefjseditor.htm"/>
		<key name="Associated">
			<topic name="Set JSEclipse as the default JavaScript editor" url="2400_setdefjseditor.htm"/>
		</key>
	</key>
	<key name="Adobe Systems Incorporated">
		<topic name="Copyright" url="5000_copyright.htm"/>
	</key>
	<key name="All HTML">
		<topic name="Code completion for JavaScript functions" url="3120_codecomplfunc.htm"/>
	</key>
	<key name="All Rights Reserved">
		<topic name="Copyright" url="5000_copyright.htm"/>
	</key>
	<key name="Answers">
		<topic name="Other resources" url="4000_otherres.htm"/>
		<key name="product-related">
			<topic name="Other resources" url="4000_otherres.htm"/>
		</key>
	</key>
	<key name="API">
		<topic name="Code completion for JavaDoc comments" url="3130_javadoc.htm"/>
		<key name="building">
			<topic name="Code completion for JavaDoc comments" url="3130_javadoc.htm"/>
		</key>
	</key>
	<key name="Application Programming Interface">
		<topic name="Features" url="1300_prodchar.htm"/>
		<key name="creating">
			<topic name="Features" url="1300_prodchar.htm"/>
		</key>
	</key>
	<key name="Apply">
		<topic name="Install and update JSEclipse with the Update Manager" url="2200_autoinstupdate.htm"/>
	</key>
	<key name="ARE DISCLAIMED">
		<topic name="Copyright" url="5000_copyright.htm"/>
	</key>
	<key name="AS IS” AND ALL EXPRESS OR IMPLIED CONDITIONS">
		<topic name="Copyright" url="5000_copyright.htm"/>
	</key>
	<key name="Associated">
		<topic name="Set JSEclipse as the default JavaScript editor" url="2400_setdefjseditor.htm"/>
		<key name="Add button">
			<topic name="Set JSEclipse as the default JavaScript editor" url="2400_setdefjseditor.htm"/>
		</key>
	</key>
	<key name="Autocomplete">
		<topic name="Configure JSEclipse" url="2300_configurejseclipse.htm"/>
	</key>
	<key name="Automatic Updates">
		<topic name="Install and update JSEclipse with the Update Manager" url="2200_autoinstupdate.htm"/>
		<key name="select">
			<topic name="Install and update JSEclipse with the Update Manager" url="2200_autoinstupdate.htm"/>
		</key>
	</key>
	<key name="Automatically">
		<topic name="Install and update JSEclipse with the Update Manager" url="2200_autoinstupdate.htm"/>
		<key name="check">
			<topic name="Install and update JSEclipse with the Update Manager" url="2200_autoinstupdate.htm"/>
		</key>
	</key>
	<key name="Browse">
		<topic name="Extending the code completion" url="3140_extendcodecompletion.htm"/>
	</key>
	<key name="Building">
		<topic name="Code completion for JavaDoc comments" url="3130_javadoc.htm"/>
		<key name="API">
			<topic name="Code completion for JavaDoc comments" url="3130_javadoc.htm"/>
		</key>
	</key>
	<key name="Calling">
		<topic name="Features" url="1300_prodchar.htm"/>
		<key name="getElmentById">
			<topic name="Features" url="1300_prodchar.htm"/>
		</key>
	</key>
	<key name="CDATA">
		<topic name="Extending the code completion" url="3140_extendcodecompletion.htm"/>
	</key>
	<key name="Check">
		<topic name="Code completion for JavaScript functions" url="3120_codecomplfunc.htm"/>
		<topic name="Install and update JSEclipse with the Update Manager" url="2200_autoinstupdate.htm"/>
		<key name="Automatically">
			<topic name="Install and update JSEclipse with the Update Manager" url="2200_autoinstupdate.htm"/>
		</key>
		<key name="HTML file">
			<topic name="Code completion for JavaScript functions" url="3120_codecomplfunc.htm"/>
		</key>
	</key>
	<key name="Checkbox">
		<topic name="Install and update JSEclipse with the Update Manager" url="2200_autoinstupdate.htm"/>
	</key>
	<key name="Class_name">
		<topic name="Code completion for JavaScript functions" url="3120_codecomplfunc.htm"/>
	</key>
	<key name="Clicking">
		<topic name="Configure JSEclipse" url="2300_configurejseclipse.htm"/>
		<key name="New button">
			<topic name="Configure JSEclipse" url="2300_configurejseclipse.htm"/>
		</key>
	</key>
	<key name="Close">
		<topic name="Uninstall JSEclipse" url="2500_uninstaljseclipse.htm"/>
		<key name="Eclipse">
			<topic name="Uninstall JSEclipse" url="2500_uninstaljseclipse.htm"/>
		</key>
	</key>
	<key name="Code completion">
		<topic name="Code completion for JavaDoc comments" url="3130_javadoc.htm"/>
		<topic name="Code completion for JavaScript functions" url="3120_codecomplfunc.htm"/>
		<topic name="Extending the code completion" url="3140_extendcodecompletion.htm"/>
		<key name="Extending">
			<topic name="Extending the code completion" url="3140_extendcodecompletion.htm"/>
		</key>
		<key name="JavaDoc comments">
			<topic name="Code completion for JavaDoc comments" url="3130_javadoc.htm"/>
		</key>
		<key name="JavaScript functions">
			<topic name="Code completion for JavaScript functions" url="3120_codecomplfunc.htm"/>
		</key>
	</key>
	<key name="Colour">
		<topic name="Configure JSEclipse" url="2300_configurejseclipse.htm"/>
		<key name="define">
			<topic name="Configure JSEclipse" url="2300_configurejseclipse.htm"/>
		</key>
		<key name="displaying">
			<topic name="Configure JSEclipse" url="2300_configurejseclipse.htm"/>
		</key>
		<key name="setting">
			<topic name="Configure JSEclipse" url="2300_configurejseclipse.htm"/>
		</key>
	</key>
	<key name="Coloured">
		<topic name="Configure JSEclipse" url="2300_configurejseclipse.htm"/>
	</key>
	<key name="Colours">
		<topic name="Configure JSEclipse" url="2300_configurejseclipse.htm"/>
		<key name="define">
			<topic name="Configure JSEclipse" url="2300_configurejseclipse.htm"/>
		</key>
	</key>
	<key name="Concepts">
		<topic name="Concepts" url="1400_concepts.htm"/>
	</key>
	<key name="Configure JSEclipse">
		<topic name="Configure JSEclipse" url="2300_configurejseclipse.htm"/>
	</key>
	<key name="Containing">
		<topic name="Install and update JSEclipse with the Update Manager" url="2200_autoinstupdate.htm"/>
		<key name="plugins">
			<topic name="Install and update JSEclipse with the Update Manager" url="2200_autoinstupdate.htm"/>
		</key>
	</key>
	<key name="Content Assist">
		<topic name="Code completion for JavaScript functions" url="3120_codecomplfunc.htm"/>
	</key>
	<key name="Content outline">
		<topic name="Content outline" url="3210_functionoutline.htm"/>
	</key>
	<key name="Copyright">
		<topic name="Copyright" url="5000_copyright.htm"/>
	</key>
	<key name="Create">
		<topic name="Extending the code completion" url="3140_extendcodecompletion.htm"/>
		<topic name="Features" url="1300_prodchar.htm"/>
		<key name="Application Programming Interface">
			<topic name="Features" url="1300_prodchar.htm"/>
		</key>
		<key name="XML file">
			<topic name="Extending the code completion" url="3140_extendcodecompletion.htm"/>
		</key>
	</key>
	<key name="CTRL-SPACE">
		<topic name="Features" url="1300_prodchar.htm"/>
		<key name="pressing">
			<topic name="Features" url="1300_prodchar.htm"/>
		</key>
	</key>
	<key name="CTRL+SPACE">
		<topic name="Code completion for JavaScript functions" url="3120_codecomplfunc.htm"/>
	</key>
	<key name="Decompilation">
		<topic name="Copyright" url="5000_copyright.htm"/>
	</key>
	<key name="Default JavaScript editor">
		<topic name="Set JSEclipse as the default JavaScript editor" url="2400_setdefjseditor.htm"/>
	</key>
	<key name="Div">
		<topic name="Code completion for JavaScript functions" url="3120_codecomplfunc.htm"/>
		<key name="display">
			<topic name="Code completion for JavaScript functions" url="3120_codecomplfunc.htm"/>
		</key>
	</key>
	<key name="Document.getElementById">
		<topic name="Code completion for JavaScript functions" url="3120_codecomplfunc.htm"/>
		<key name="use">
			<topic name="Code completion for JavaScript functions" url="3120_codecomplfunc.htm"/>
		</key>
	</key>
	<key name="DOCUMENTATION IS PROVIDED">
		<topic name="Copyright" url="5000_copyright.htm"/>
	</key>
	<key name="Download">
		<topic name="Install and update JSEclipse with the Update Manager" url="2200_autoinstupdate.htm"/>
	</key>
	<key name="Eclipse">
		<topic name="Configure JSEclipse" url="2300_configurejseclipse.htm"/>
		<topic name="Error reporting in the editor" url="3300_jserrordebug.htm"/>
		<topic name="Extending the code completion" url="3140_extendcodecompletion.htm"/>
		<topic name="Install and update JSEclipse with the Update Manager" url="2200_autoinstupdate.htm"/>
		<topic name="Installing JSEclipse" url="2000_installing.htm"/>
		<topic name="Other enhancements" url="3400_otherenhancements.htm"/>
		<topic name="Other resources" url="4000_otherres.htm"/>
		<topic name="Prerequisites" url="1500_prerequisites.htm"/>
		<topic name="Set JSEclipse as the default JavaScript editor" url="2400_setdefjseditor.htm"/>
		<topic name="Uninstall JSEclipse" url="2500_uninstaljseclipse.htm"/>
		<topic name="Using code completion" url="3100_codecomplet.htm"/>
		<topic name="Workspace orientation" url="1200_wrkspace.htm"/>
		<key name="Close">
			<topic name="Uninstall JSEclipse" url="2500_uninstaljseclipse.htm"/>
		</key>
		<key name="Open">
			<topic name="Install and update JSEclipse with the Update Manager" url="2200_autoinstupdate.htm"/>
		</key>
		<key name="use">
			<topic name="Install and update JSEclipse with the Update Manager" url="2200_autoinstupdate.htm"/>
		</key>
	</key>
	<key name="Eclipse's file">
		<topic name="Set JSEclipse as the default JavaScript editor" url="2400_setdefjseditor.htm"/>
	</key>
	<key name="Eclipse 3.1">
		<topic name="Prerequisites" url="1500_prerequisites.htm"/>
	</key>
	<key name="Eclipse HTML">
		<topic name="Other enhancements" url="3400_otherenhancements.htm"/>
	</key>
	<key name="Eclipse IDE">
		<topic name="Using JSEclipse" url="3000_usingjseclipse.htm"/>
		<key name="JSEclipse">
			<topic name="Using JSEclipse" url="3000_usingjseclipse.htm"/>
		</key>
	</key>
	<key name="Eclipse Integrated Development Environment">
		<topic name="Features" url="1300_prodchar.htm"/>
		<key name="plugin">
			<topic name="Features" url="1300_prodchar.htm"/>
		</key>
	</key>
	<key name="Eclipse menu">
		<topic name="Install and update JSEclipse with the Update Manager" url="2200_autoinstupdate.htm"/>
	</key>
	<key name="Eclipse plugin">
		<topic name="Uninstall JSEclipse" url="2500_uninstaljseclipse.htm"/>
	</key>
	<key name="Eclipse SDK">
		<topic name="Prerequisites" url="1500_prerequisites.htm"/>
	</key>
	<key name="Edit button">
		<topic name="Configure JSEclipse" url="2300_configurejseclipse.htm"/>
	</key>
	<key name="Edit menu">
		<topic name="Other enhancements" url="3400_otherenhancements.htm"/>
		<key name="select">
			<topic name="Other enhancements" url="3400_otherenhancements.htm"/>
		</key>
	</key>
	<key name="Editing">
		<topic name="About JSEclipse" url="1100_aboutjsec.htm"/>
		<topic name="Editing aids" url="3230_editingaids.htm"/>
		<topic name="Features" url="1300_prodchar.htm"/>
		<topic name="Other enhancements" url="3400_otherenhancements.htm"/>
		<topic name="Using code completion" url="3100_codecomplet.htm"/>
		<key name="aids">
			<topic name="Editing aids" url="3230_editingaids.htm"/>
		</key>
		<key name="HTML">
			<topic name="Features" url="1300_prodchar.htm"/>
		</key>
		<key name="JavaScript">
			<topic name="About JSEclipse" url="1100_aboutjsec.htm"/>
			<topic name="Editing aids" url="3230_editingaids.htm"/>
			<topic name="Using code completion" url="3100_codecomplet.htm"/>
		</key>
		<key name="select">
			<topic name="Other enhancements" url="3400_otherenhancements.htm"/>
		</key>
	</key>
	<key name="Editor">
		<topic name="Error reporting in the editor" url="3300_jserrordebug.htm"/>
		<topic name="Set JSEclipse as the default JavaScript editor" url="2400_setdefjseditor.htm"/>
		<topic name="Workspace orientation" url="1200_wrkspace.htm"/>
		<key name="expand">
			<topic name="Set JSEclipse as the default JavaScript editor" url="2400_setdefjseditor.htm"/>
		</key>
	</key>
	<key name="Error">
		<topic name="Error reporting in the editor" url="3300_jserrordebug.htm"/>
	</key>
	<key name="Existing">
		<topic name="Install and update JSEclipse with the Update Manager" url="2200_autoinstupdate.htm"/>
		<key name="plugins">
			<topic name="Install and update JSEclipse with the Update Manager" url="2200_autoinstupdate.htm"/>
		</key>
	</key>
</indexdata>
