<?xml version="1.0" encoding="UTF-8"?>
<indexdata>
	<key name="Select">
		<topic name="Configure JSEclipse" url="2300_configurejseclipse.htm"/>
		<topic name="Content outline" url="3210_functionoutline.htm"/>
		<topic name="Install and update JSEclipse with the Update Manager" url="2200_autoinstupdate.htm"/>
		<topic name="Other enhancements" url="3400_otherenhancements.htm"/>
		<topic name="Set JSEclipse as the default JavaScript editor" url="2400_setdefjseditor.htm"/>
		<key name="Automatic Updates">
			<topic name="Install and update JSEclipse with the Update Manager" url="2200_autoinstupdate.htm"/>
		</key>
		<key name="Edit">
			<topic name="Other enhancements" url="3400_otherenhancements.htm"/>
		</key>
		<key name="Edit menu">
			<topic name="Other enhancements" url="3400_otherenhancements.htm"/>
		</key>
		<key name="File Associations item">
			<topic name="Set JSEclipse as the default JavaScript editor" url="2400_setdefjseditor.htm"/>
		</key>
		<key name="Install/Update">
			<topic name="Install and update JSEclipse with the Update Manager" url="2200_autoinstupdate.htm"/>
		</key>
		<key name="JSEclipse">
			<topic name="Configure JSEclipse" url="2300_configurejseclipse.htm"/>
		</key>
		<key name="JSEclipse menu">
			<topic name="Other enhancements" url="3400_otherenhancements.htm"/>
		</key>
		<key name="Search">
			<topic name="Install and update JSEclipse with the Update Manager" url="2200_autoinstupdate.htm"/>
		</key>
		<key name="Window">
			<topic name="Content outline" url="3210_functionoutline.htm"/>
		</key>
	</key>
	<key name="Select JSEclipse">
		<topic name="Set JSEclipse as the default JavaScript editor" url="2400_setdefjseditor.htm"/>
	</key>
	<key name="Select New Archived Site">
		<topic name="Install and update JSEclipse with the Update Manager" url="2200_autoinstupdate.htm"/>
	</key>
	<key name="Select Search">
		<topic name="Install and update JSEclipse with the Update Manager" url="2200_autoinstupdate.htm"/>
	</key>
	<key name="Select Yes">
		<topic name="Install and update JSEclipse with the Update Manager" url="2200_autoinstupdate.htm"/>
	</key>
	<key name="Set">
		<topic name="Configure JSEclipse" url="2300_configurejseclipse.htm"/>
		<topic name="Install and update JSEclipse with the Update Manager" url="2200_autoinstupdate.htm"/>
		<key name="colour">
			<topic name="Configure JSEclipse" url="2300_configurejseclipse.htm"/>
		</key>
		<key name="Update">
			<topic name="Install and update JSEclipse with the Update Manager" url="2200_autoinstupdate.htm"/>
		</key>
	</key>
	<key name="Set JSEclipse">
		<topic name="Set JSEclipse as the default JavaScript editor" url="2400_setdefjseditor.htm"/>
	</key>
	<key name="Show View">
		<topic name="Content outline" url="3210_functionoutline.htm"/>
	</key>
	<key name="Sites">
		<topic name="Install and update JSEclipse with the Update Manager" url="2200_autoinstupdate.htm"/>
	</key>
	<key name="Software Updates">
		<topic name="Install and update JSEclipse with the Update Manager" url="2200_autoinstupdate.htm"/>
	</key>
	<key name="Specify">
		<topic name="Configure JSEclipse" url="2300_configurejseclipse.htm"/>
		<key name="tempalte">
			<topic name="Configure JSEclipse" url="2300_configurejseclipse.htm"/>
		</key>
	</key>
	<key name="Src">
		<topic name="Code completion for JavaScript functions" url="3120_codecomplfunc.htm"/>
	</key>
	<key name="Start Eclipse">
		<topic name="Install and update JSEclipse with the Update Manager" url="2200_autoinstupdate.htm"/>
	</key>
	<key name="Support Team">
		<topic name="Other resources" url="4000_otherres.htm"/>
	</key>
	<key name="Syntax Coloring">
		<topic name="Configure JSEclipse" url="2300_configurejseclipse.htm"/>
	</key>
	<key name="Templates">
		<topic name="Other enhancements" url="3400_otherenhancements.htm"/>
	</key>
	<key name="Tooltip">
		<topic name="Editing aids" url="3230_editingaids.htm"/>
		<topic name="Features" url="1300_prodchar.htm"/>
	</key>
	<key name="Trademarks">
		<topic name="Copyright" url="5000_copyright.htm"/>
	</key>
	<key name="Uninstall">
		<topic name="Uninstall JSEclipse" url="2500_uninstaljseclipse.htm"/>
	</key>
	<key name="Uninstall JSEclipse">
		<topic name="Uninstall JSEclipse" url="2500_uninstaljseclipse.htm"/>
	</key>
	<key name="Update JSEclipse">
		<topic name="Install and update JSEclipse with the Update Manager" url="2200_autoinstupdate.htm"/>
	</key>
	<key name="Update Manager">
		<topic name="Install and update JSEclipse with the Update Manager" url="2200_autoinstupdate.htm"/>
		<topic name="Installing JSEclipse" url="2000_installing.htm"/>
	</key>
	<key name="Updating">
		<topic name="Install and update JSEclipse with the Update Manager" url="2200_autoinstupdate.htm"/>
		<key name="JSEclipse">
			<topic name="Install and update JSEclipse with the Update Manager" url="2200_autoinstupdate.htm"/>
		</key>
		<key name="Open">
			<topic name="Install and update JSEclipse with the Update Manager" url="2200_autoinstupdate.htm"/>
		</key>
		<key name="set">
			<topic name="Install and update JSEclipse with the Update Manager" url="2200_autoinstupdate.htm"/>
		</key>
	</key>
	<key name="URL">
		<topic name="Install and update JSEclipse with the Update Manager" url="2200_autoinstupdate.htm"/>
	</key>
	<key name="Use">
		<topic name="Code completion for JavaScript functions" url="3120_codecomplfunc.htm"/>
		<topic name="Extending the code completion" url="3140_extendcodecompletion.htm"/>
		<topic name="Install and update JSEclipse with the Update Manager" url="2200_autoinstupdate.htm"/>
		<topic name="Locate definition" url="3220_gotodef.htm"/>
		<key name="Add">
			<topic name="Extending the code completion" url="3140_extendcodecompletion.htm"/>
		</key>
		<key name="document.getElementById">
			<topic name="Code completion for JavaScript functions" url="3120_codecomplfunc.htm"/>
		</key>
		<key name="Eclipse">
			<topic name="Install and update JSEclipse with the Update Manager" url="2200_autoinstupdate.htm"/>
		</key>
		<key name="Open">
			<topic name="Locate definition" url="3220_gotodef.htm"/>
		</key>
	</key>
	<key name="Using code completion">
		<topic name="Using code completion" url="3100_codecomplet.htm"/>
	</key>
	<key name="Using JSEclipse">
		<topic name="Using JSEclipse" url="3000_usingjseclipse.htm"/>
	</key>
	<key name="UTF-8">
		<topic name="Extending the code completion" url="3140_extendcodecompletion.htm"/>
	</key>
	<key name="Var new_object">
		<topic name="Code completion for JavaScript functions" url="3120_codecomplfunc.htm"/>
	</key>
	<key name="Website">
		<topic name="Copyright" url="5000_copyright.htm"/>
	</key>
	<key name="Window">
		<key name="selecting">
			<topic name="Content outline" url="3210_functionoutline.htm"/>
		</key>
	</key>
	<key name="Word">
		<topic name="Features" url="1300_prodchar.htm"/>
		<topic name="Other enhancements" url="3400_otherenhancements.htm"/>
	</key>
	<key name="Workbench window">
		<topic name="Workspace orientation" url="1200_wrkspace.htm"/>
	</key>
	<key name="Workspace orientation">
		<topic name="Workspace orientation" url="1200_wrkspace.htm"/>
	</key>
	<key name="Xml">
		<topic name="Extending the code completion" url="3140_extendcodecompletion.htm"/>
		<topic name="Features" url="1300_prodchar.htm"/>
		<topic name="Using code completion" url="3100_codecomplet.htm"/>
	</key>
	<key name="XML file">
		<topic name="Configure JSEclipse" url="2300_configurejseclipse.htm"/>
		<topic name="Extending the code completion" url="3140_extendcodecompletion.htm"/>
		<key name="create">
			<topic name="Extending the code completion" url="3140_extendcodecompletion.htm"/>
		</key>
	</key>
</indexdata>
