<?xml version="1.0" encoding="UTF-8"?>
<indexdata>
	<key name="JSEclipse">
		<topic name="About JSEclipse" url="1100_aboutjsec.htm"/>
		<topic name="Code completion for JavaDoc comments" url="3130_javadoc.htm"/>
		<topic name="Code completion for JavaScript functions" url="3120_codecomplfunc.htm"/>
		<topic name="Configure JSEclipse" url="2300_configurejseclipse.htm"/>
		<topic name="Content outline" url="3210_functionoutline.htm"/>
		<topic name="Copyright" url="5000_copyright.htm"/>
		<topic name="Editing aids" url="3230_editingaids.htm"/>
		<topic name="Error reporting in the editor" url="3300_jserrordebug.htm"/>
		<topic name="Extending the code completion" url="3140_extendcodecompletion.htm"/>
		<topic name="Features" url="1300_prodchar.htm"/>
		<topic name="Install and update JSEclipse with the Update Manager" url="2200_autoinstupdate.htm"/>
		<topic name="Installing JSEclipse" url="2000_installing.htm"/>
		<topic name="Locate definition" url="3220_gotodef.htm"/>
		<topic name="Navigating in JavaScript projects" url="3200_addednavigation.htm"/>
		<topic name="Other enhancements" url="3400_otherenhancements.htm"/>
		<topic name="Other resources" url="4000_otherres.htm"/>
		<topic name="Prerequisites" url="1500_prerequisites.htm"/>
		<topic name="Set JSEclipse as the default JavaScript editor" url="2400_setdefjseditor.htm"/>
		<topic name="Uninstall JSEclipse" url="2500_uninstaljseclipse.htm"/>
		<topic name="Using code completion" url="3100_codecomplet.htm"/>
		<topic name="Using JSEclipse" url="3000_usingjseclipse.htm"/>
		<topic name="Workspace orientation" url="1200_wrkspace.htm"/>
		<key name="access">
			<topic name="Configure JSEclipse" url="2300_configurejseclipse.htm"/>
		</key>
		<key name="Eclipse IDE">
			<topic name="Using JSEclipse" url="3000_usingjseclipse.htm"/>
		</key>
		<key name="install">
			<topic name="Workspace orientation" url="1200_wrkspace.htm"/>
		</key>
		<key name="Installing">
			<topic name="Installing JSEclipse" url="2000_installing.htm"/>
		</key>
		<key name="JavaScript">
			<topic name="Other enhancements" url="3400_otherenhancements.htm"/>
		</key>
		<key name="order">
			<topic name="Install and update JSEclipse with the Update Manager" url="2200_autoinstupdate.htm"/>
		</key>
		<key name="select">
			<topic name="Configure JSEclipse" url="2300_configurejseclipse.htm"/>
		</key>
		<key name="updating">
			<topic name="Install and update JSEclipse with the Update Manager" url="2200_autoinstupdate.htm"/>
		</key>
	</key>
	<key name="JSEclipse's characteristics">
		<topic name="JSEclipse Overview" url="1000_aboutjseclipse.htm"/>
	</key>
	<key name="JSEclipse Forum">
		<topic name="Other resources" url="4000_otherres.htm"/>
	</key>
	<key name="JSEclipse icon">
		<topic name="Set JSEclipse as the default JavaScript editor" url="2400_setdefjseditor.htm"/>
	</key>
	<key name="JSEclipse menu">
		<topic name="Extending the code completion" url="3140_extendcodecompletion.htm"/>
		<topic name="Other enhancements" url="3400_otherenhancements.htm"/>
		<key name="select">
			<topic name="Other enhancements" url="3400_otherenhancements.htm"/>
		</key>
	</key>
	<key name="JSEclipse Overview">
		<topic name="JSEclipse Overview" url="1000_aboutjseclipse.htm"/>
	</key>
	<key name="JSEclipse plugin">
		<topic name="Configure JSEclipse" url="2300_configurejseclipse.htm"/>
		<topic name="Install and update JSEclipse with the Update Manager" url="2200_autoinstupdate.htm"/>
		<topic name="Installing JSEclipse" url="2000_installing.htm"/>
		<topic name="Prerequisites" url="1500_prerequisites.htm"/>
		<key name="install">
			<topic name="Configure JSEclipse" url="2300_configurejseclipse.htm"/>
			<topic name="Install and update JSEclipse with the Update Manager" url="2200_autoinstupdate.htm"/>
			<topic name="Installing JSEclipse" url="2000_installing.htm"/>
			<topic name="Prerequisites" url="1500_prerequisites.htm"/>
		</key>
	</key>
	<key name="Linux">
		<topic name="Set JSEclipse as the default JavaScript editor" url="2400_setdefjseditor.htm"/>
		<key name="running">
			<topic name="Set JSEclipse as the default JavaScript editor" url="2400_setdefjseditor.htm"/>
		</key>
	</key>
	<key name="Locate definition">
		<topic name="Locate definition" url="3220_gotodef.htm"/>
	</key>
	<key name="Mentor Training">
		<topic name="Other resources" url="4000_otherres.htm"/>
	</key>
	<key name="Method/function">
		<topic name="Locate definition" url="3220_gotodef.htm"/>
	</key>
	<key name="Name&quot;,&quot;age">
		<topic name="Locate definition" url="3220_gotodef.htm"/>
	</key>
	<key name="Navigator">
		<topic name="Workspace orientation" url="1200_wrkspace.htm"/>
	</key>
	<key name="New Archived Site">
		<topic name="Install and update JSEclipse with the Update Manager" url="2200_autoinstupdate.htm"/>
	</key>
	<key name="New button">
		<topic name="Configure JSEclipse" url="2300_configurejseclipse.htm"/>
		<key name="clicking">
			<topic name="Configure JSEclipse" url="2300_configurejseclipse.htm"/>
		</key>
	</key>
	<key name="New Remote Site button">
		<topic name="Install and update JSEclipse with the Update Manager" url="2200_autoinstupdate.htm"/>
	</key>
	<key name="New Update Site dialog">
		<topic name="Install and update JSEclipse with the Update Manager" url="2200_autoinstupdate.htm"/>
	</key>
	<key name="Open">
		<topic name="Install and update JSEclipse with the Update Manager" url="2200_autoinstupdate.htm"/>
		<topic name="Locate definition" url="3220_gotodef.htm"/>
		<topic name="Uninstall JSEclipse" url="2500_uninstaljseclipse.htm"/>
		<key name="access">
			<topic name="Locate definition" url="3220_gotodef.htm"/>
		</key>
		<key name="Eclipse">
			<topic name="Install and update JSEclipse with the Update Manager" url="2200_autoinstupdate.htm"/>
		</key>
		<key name="plugins">
			<topic name="Uninstall JSEclipse" url="2500_uninstaljseclipse.htm"/>
		</key>
		<key name="Preferences window">
			<topic name="Install and update JSEclipse with the Update Manager" url="2200_autoinstupdate.htm"/>
		</key>
		<key name="Update">
			<topic name="Install and update JSEclipse with the Update Manager" url="2200_autoinstupdate.htm"/>
		</key>
		<key name="use">
			<topic name="Locate definition" url="3220_gotodef.htm"/>
		</key>
	</key>
	<key name="Open Declaration">
		<topic name="Locate definition" url="3220_gotodef.htm"/>
		<topic name="Navigating in JavaScript projects" url="3200_addednavigation.htm"/>
	</key>
	<key name="Open Eclipse">
		<topic name="Set JSEclipse as the default JavaScript editor" url="2400_setdefjseditor.htm"/>
	</key>
	<key name="Order">
		<topic name="Install and update JSEclipse with the Update Manager" url="2200_autoinstupdate.htm"/>
		<topic name="Locate definition" url="3220_gotodef.htm"/>
		<key name="JavaScript">
			<topic name="Locate definition" url="3220_gotodef.htm"/>
		</key>
		<key name="JSEclipse">
			<topic name="Install and update JSEclipse with the Update Manager" url="2200_autoinstupdate.htm"/>
		</key>
	</key>
	<key name="Other enhancements">
		<topic name="Other enhancements" url="3400_otherenhancements.htm"/>
	</key>
	<key name="Other resources">
		<topic name="Other resources" url="4000_otherres.htm"/>
	</key>
	<key name="Outline">
		<topic name="Content outline" url="3210_functionoutline.htm"/>
		<topic name="Editing aids" url="3230_editingaids.htm"/>
		<topic name="Error reporting in the editor" url="3300_jserrordebug.htm"/>
		<topic name="Features" url="1300_prodchar.htm"/>
		<topic name="Workspace orientation" url="1200_wrkspace.htm"/>
	</key>
	<key name="Package">
		<topic name="Set JSEclipse as the default JavaScript editor" url="2400_setdefjseditor.htm"/>
	</key>
	<key name="Person">
		<topic name="Content outline" url="3210_functionoutline.htm"/>
		<topic name="Locate definition" url="3220_gotodef.htm"/>
		<key name="defining">
			<topic name="Locate definition" url="3220_gotodef.htm"/>
		</key>
	</key>
	<key name="Plugin">
		<topic name="About JSEclipse" url="1100_aboutjsec.htm"/>
		<topic name="Features" url="1300_prodchar.htm"/>
		<topic name="Install and update JSEclipse with the Update Manager" url="2200_autoinstupdate.htm"/>
		<topic name="Other enhancements" url="3400_otherenhancements.htm"/>
		<topic name="Set JSEclipse as the default JavaScript editor" url="2400_setdefjseditor.htm"/>
		<topic name="Uninstall JSEclipse" url="2500_uninstaljseclipse.htm"/>
		<topic name="Using code completion" url="3100_codecomplet.htm"/>
		<key name="Eclipse Integrated Development Environment">
			<topic name="Features" url="1300_prodchar.htm"/>
		</key>
		<key name="install">
			<topic name="Install and update JSEclipse with the Update Manager" url="2200_autoinstupdate.htm"/>
			<topic name="Set JSEclipse as the default JavaScript editor" url="2400_setdefjseditor.htm"/>
		</key>
	</key>
	<key name="Plugins">
		<topic name="Configure JSEclipse" url="2300_configurejseclipse.htm"/>
		<topic name="Install and update JSEclipse with the Update Manager" url="2200_autoinstupdate.htm"/>
		<topic name="Uninstall JSEclipse" url="2500_uninstaljseclipse.htm"/>
		<topic name="Workspace orientation" url="1200_wrkspace.htm"/>
		<key name="containing">
			<topic name="Install and update JSEclipse with the Update Manager" url="2200_autoinstupdate.htm"/>
		</key>
		<key name="existing">
			<topic name="Install and update JSEclipse with the Update Manager" url="2200_autoinstupdate.htm"/>
		</key>
		<key name="Open">
			<topic name="Uninstall JSEclipse" url="2500_uninstaljseclipse.htm"/>
		</key>
	</key>
	<key name="Preferences">
		<topic name="Configure JSEclipse" url="2300_configurejseclipse.htm"/>
		<topic name="Install and update JSEclipse with the Update Manager" url="2200_autoinstupdate.htm"/>
		<topic name="Other enhancements" url="3400_otherenhancements.htm"/>
		<topic name="Set JSEclipse as the default JavaScript editor" url="2400_setdefjseditor.htm"/>
	</key>
	<key name="Preferences window">
		<topic name="Install and update JSEclipse with the Update Manager" url="2200_autoinstupdate.htm"/>
		<key name="open">
			<topic name="Install and update JSEclipse with the Update Manager" url="2200_autoinstupdate.htm"/>
		</key>
	</key>
	<key name="Prerequisites">
		<topic name="Prerequisites" url="1500_prerequisites.htm"/>
	</key>
	<key name="Press">
		<topic name="Features" url="1300_prodchar.htm"/>
		<topic name="Locate definition" url="3220_gotodef.htm"/>
		<topic name="Other enhancements" url="3400_otherenhancements.htm"/>
		<key name="CTRL-SPACE">
			<topic name="Features" url="1300_prodchar.htm"/>
		</key>
		<key name="F1 key">
			<topic name="Other enhancements" url="3400_otherenhancements.htm"/>
		</key>
		<key name="F3">
			<topic name="Features" url="1300_prodchar.htm"/>
		</key>
		<key name="F3 key">
			<topic name="Locate definition" url="3220_gotodef.htm"/>
		</key>
	</key>
	<key name="Problems">
		<topic name="Error reporting in the editor" url="3300_jserrordebug.htm"/>
		<topic name="Features" url="1300_prodchar.htm"/>
	</key>
	<key name="Product-related">
		<topic name="Other resources" url="4000_otherres.htm"/>
		<key name="answers">
			<topic name="Other resources" url="4000_otherres.htm"/>
		</key>
	</key>
	<key name="Product Technical Support">
		<topic name="Other resources" url="4000_otherres.htm"/>
	</key>
	<key name="Reads">
		<topic name="Using code completion" url="3100_codecomplet.htm"/>
		<key name="inline">
			<topic name="Using code completion" url="3100_codecomplet.htm"/>
		</key>
	</key>
	<key name="Reference">
		<topic name="Other enhancements" url="3400_otherenhancements.htm"/>
	</key>
	<key name="Refresh">
		<topic name="Other enhancements" url="3400_otherenhancements.htm"/>
	</key>
	<key name="Repl">
		<topic name="Extending the code completion" url="3140_extendcodecompletion.htm"/>
	</key>
	<key name="REPRESENTATIONS AND WARRANTIES">
		<topic name="Copyright" url="5000_copyright.htm"/>
	</key>
	<key name="Restart Eclipse">
		<topic name="Uninstall JSEclipse" url="2500_uninstaljseclipse.htm"/>
	</key>
	<key name="Running">
		<topic name="Set JSEclipse as the default JavaScript editor" url="2400_setdefjseditor.htm"/>
		<key name="Linux">
			<topic name="Set JSEclipse as the default JavaScript editor" url="2400_setdefjseditor.htm"/>
		</key>
	</key>
	<key name="Search">
		<topic name="Install and update JSEclipse with the Update Manager" url="2200_autoinstupdate.htm"/>
		<key name="select">
			<topic name="Install and update JSEclipse with the Update Manager" url="2200_autoinstupdate.htm"/>
		</key>
	</key>
	<key name="Sector">
		<topic name="Other resources" url="4000_otherres.htm"/>
	</key>
</indexdata>
