<?xml version="1.0" encoding="UTF-8"?>
<indexdata>
	<key name="Expand">
		<topic name="Install and update JSEclipse with the Update Manager" url="2200_autoinstupdate.htm"/>
		<topic name="Set JSEclipse as the default JavaScript editor" url="2400_setdefjseditor.htm"/>
		<key name="Editors">
			<topic name="Set JSEclipse as the default JavaScript editor" url="2400_setdefjseditor.htm"/>
		</key>
		<key name="General">
			<topic name="Set JSEclipse as the default JavaScript editor" url="2400_setdefjseditor.htm"/>
		</key>
		<key name="Install/Update">
			<topic name="Install and update JSEclipse with the Update Manager" url="2200_autoinstupdate.htm"/>
		</key>
	</key>
	<key name="Export">
		<topic name="Configure JSEclipse" url="2300_configurejseclipse.htm"/>
	</key>
	<key name="Extending">
		<topic name="Extending the code completion" url="3140_extendcodecompletion.htm"/>
		<key name="code completion">
			<topic name="Extending the code completion" url="3140_extendcodecompletion.htm"/>
		</key>
	</key>
	<key name="F1 key">
		<topic name="Other enhancements" url="3400_otherenhancements.htm"/>
		<key name="pressing">
			<topic name="Other enhancements" url="3400_otherenhancements.htm"/>
		</key>
	</key>
	<key name="F3">
		<topic name="Features" url="1300_prodchar.htm"/>
		<topic name="Locate definition" url="3220_gotodef.htm"/>
		<key name="pressing">
			<topic name="Features" url="1300_prodchar.htm"/>
		</key>
	</key>
	<key name="F3 key">
		<topic name="Locate definition" url="3220_gotodef.htm"/>
		<key name="press">
			<topic name="Locate definition" url="3220_gotodef.htm"/>
		</key>
	</key>
	<key name="Features">
		<topic name="Features" url="1300_prodchar.htm"/>
	</key>
	<key name="File Associations item">
		<topic name="Set JSEclipse as the default JavaScript editor" url="2400_setdefjseditor.htm"/>
		<key name="Select">
			<topic name="Set JSEclipse as the default JavaScript editor" url="2400_setdefjseditor.htm"/>
		</key>
	</key>
	<key name="Find">
		<topic name="Install and update JSEclipse with the Update Manager" url="2200_autoinstupdate.htm"/>
	</key>
	<key name="Finish">
		<topic name="Install and update JSEclipse with the Update Manager" url="2200_autoinstupdate.htm"/>
	</key>
	<key name="General">
		<topic name="Set JSEclipse as the default JavaScript editor" url="2400_setdefjseditor.htm"/>
		<key name="Expand">
			<topic name="Set JSEclipse as the default JavaScript editor" url="2400_setdefjseditor.htm"/>
		</key>
	</key>
	<key name="GetElementById">
		<topic name="Extending the code completion" url="3140_extendcodecompletion.htm"/>
	</key>
	<key name="GetElementsByTagName">
		<topic name="Extending the code completion" url="3140_extendcodecompletion.htm"/>
	</key>
	<key name="GetElmentById">
		<topic name="Code completion for JavaScript functions" url="3120_codecomplfunc.htm"/>
		<topic name="Features" url="1300_prodchar.htm"/>
		<key name="calling">
			<topic name="Features" url="1300_prodchar.htm"/>
		</key>
	</key>
	<key name="GrowOlder">
		<topic name="Locate definition" url="3220_gotodef.htm"/>
	</key>
	<key name="GrowOldertext">
		<topic name="Locate definition" url="3220_gotodef.htm"/>
	</key>
	<key name="Highlighting">
		<topic name="Configure JSEclipse" url="2300_configurejseclipse.htm"/>
		<key name="JavaScript">
			<topic name="Configure JSEclipse" url="2300_configurejseclipse.htm"/>
		</key>
	</key>
	<key name="HTML">
		<topic name="Code completion for JavaDoc comments" url="3130_javadoc.htm"/>
		<topic name="Code completion for JavaScript functions" url="3120_codecomplfunc.htm"/>
		<topic name="Features" url="1300_prodchar.htm"/>
		<topic name="Other enhancements" url="3400_otherenhancements.htm"/>
		<key name="editing">
			<topic name="Features" url="1300_prodchar.htm"/>
		</key>
	</key>
	<key name="HTML file">
		<topic name="Code completion for JavaScript functions" url="3120_codecomplfunc.htm"/>
		<topic name="Editing aids" url="3230_editingaids.htm"/>
		<topic name="Features" url="1300_prodchar.htm"/>
		<topic name="Other enhancements" url="3400_otherenhancements.htm"/>
		<key name="check">
			<topic name="Code completion for JavaScript functions" url="3120_codecomplfunc.htm"/>
		</key>
	</key>
	<key name="ID">
		<topic name="Code completion for JavaScript functions" url="3120_codecomplfunc.htm"/>
		<topic name="Extending the code completion" url="3140_extendcodecompletion.htm"/>
	</key>
	<key name="ID's">
		<topic name="Code completion for JavaScript functions" url="3120_codecomplfunc.htm"/>
	</key>
	<key name="Import button">
		<topic name="Configure JSEclipse" url="2300_configurejseclipse.htm"/>
	</key>
	<key name="Include">
		<topic name="Code completion for JavaScript functions" url="3120_codecomplfunc.htm"/>
		<key name="JavaScript file">
			<topic name="Code completion for JavaScript functions" url="3120_codecomplfunc.htm"/>
		</key>
	</key>
	<key name="Inline">
		<topic name="Using code completion" url="3100_codecomplet.htm"/>
		<key name="reads">
			<topic name="Using code completion" url="3100_codecomplet.htm"/>
		</key>
	</key>
	<key name="InnerHTML">
		<topic name="Extending the code completion" url="3140_extendcodecompletion.htm"/>
	</key>
	<key name="InnerHTML String">
		<topic name="Extending the code completion" url="3140_extendcodecompletion.htm"/>
	</key>
	<key name="Install JSEclipse">
		<topic name="Install and update JSEclipse with the Update Manager" url="2200_autoinstupdate.htm"/>
	</key>
	<key name="Install/Update">
		<topic name="Install and update JSEclipse with the Update Manager" url="2200_autoinstupdate.htm"/>
		<key name="Expand">
			<topic name="Install and update JSEclipse with the Update Manager" url="2200_autoinstupdate.htm"/>
		</key>
		<key name="Select">
			<topic name="Install and update JSEclipse with the Update Manager" url="2200_autoinstupdate.htm"/>
		</key>
	</key>
	<key name="Installing">
		<topic name="Configure JSEclipse" url="2300_configurejseclipse.htm"/>
		<topic name="Install and update JSEclipse with the Update Manager" url="2200_autoinstupdate.htm"/>
		<topic name="Installing JSEclipse" url="2000_installing.htm"/>
		<topic name="Prerequisites" url="1500_prerequisites.htm"/>
		<topic name="Set JSEclipse as the default JavaScript editor" url="2400_setdefjseditor.htm"/>
		<topic name="Workspace orientation" url="1200_wrkspace.htm"/>
		<key name="JSEclipse">
			<topic name="Installing JSEclipse" url="2000_installing.htm"/>
			<topic name="Workspace orientation" url="1200_wrkspace.htm"/>
		</key>
		<key name="JSEclipse plugin">
			<topic name="Configure JSEclipse" url="2300_configurejseclipse.htm"/>
			<topic name="Install and update JSEclipse with the Update Manager" url="2200_autoinstupdate.htm"/>
			<topic name="Installing JSEclipse" url="2000_installing.htm"/>
			<topic name="Prerequisites" url="1500_prerequisites.htm"/>
		</key>
		<key name="plugin">
			<topic name="Install and update JSEclipse with the Update Manager" url="2200_autoinstupdate.htm"/>
			<topic name="Set JSEclipse as the default JavaScript editor" url="2400_setdefjseditor.htm"/>
		</key>
	</key>
	<key name="InterAKT">
		<topic name="Other resources" url="4000_otherres.htm"/>
	</key>
	<key name="InterAKT Online">
		<topic name="Copyright" url="5000_copyright.htm"/>
	</key>
	<key name="InterAKT plugin">
		<topic name="Install and update JSEclipse with the Update Manager" url="2200_autoinstupdate.htm"/>
		<key name="installing">
			<topic name="Install and update JSEclipse with the Update Manager" url="2200_autoinstupdate.htm"/>
		</key>
	</key>
	<key name="JAVA">
		<topic name="Workspace orientation" url="1200_wrkspace.htm"/>
	</key>
	<key name="Java Runtime Environment">
		<topic name="Prerequisites" url="1500_prerequisites.htm"/>
	</key>
	<key name="Java Runtime Environment 1.5.">
		<topic name="Prerequisites" url="1500_prerequisites.htm"/>
	</key>
	<key name="Javadoc">
		<topic name="Code completion for JavaDoc comments" url="3130_javadoc.htm"/>
		<topic name="Configure JSEclipse" url="2300_configurejseclipse.htm"/>
		<topic name="Features" url="1300_prodchar.htm"/>
		<topic name="Using code completion" url="3100_codecomplet.htm"/>
	</key>
	<key name="JavaDoc comments">
		<topic name="Code completion for JavaDoc comments" url="3130_javadoc.htm"/>
		<key name="Code completion">
			<topic name="Code completion for JavaDoc comments" url="3130_javadoc.htm"/>
		</key>
	</key>
	<key name="JavaScript">
		<topic name="About JSEclipse" url="1100_aboutjsec.htm"/>
		<topic name="Code completion for JavaScript functions" url="3120_codecomplfunc.htm"/>
		<topic name="Configure JSEclipse" url="2300_configurejseclipse.htm"/>
		<topic name="Content outline" url="3210_functionoutline.htm"/>
		<topic name="Editing aids" url="3230_editingaids.htm"/>
		<topic name="Features" url="1300_prodchar.htm"/>
		<topic name="Locate definition" url="3220_gotodef.htm"/>
		<topic name="Navigating in JavaScript projects" url="3200_addednavigation.htm"/>
		<topic name="Other enhancements" url="3400_otherenhancements.htm"/>
		<topic name="Set JSEclipse as the default JavaScript editor" url="2400_setdefjseditor.htm"/>
		<topic name="Using code completion" url="3100_codecomplet.htm"/>
		<topic name="Using JSEclipse" url="3000_usingjseclipse.htm"/>
		<topic name="Workspace orientation" url="1200_wrkspace.htm"/>
		<key name="editing">
			<topic name="About JSEclipse" url="1100_aboutjsec.htm"/>
			<topic name="Editing aids" url="3230_editingaids.htm"/>
			<topic name="Using code completion" url="3100_codecomplet.htm"/>
		</key>
		<key name="highlighting">
			<topic name="Configure JSEclipse" url="2300_configurejseclipse.htm"/>
		</key>
		<key name="JSEclipse">
			<topic name="Other enhancements" url="3400_otherenhancements.htm"/>
		</key>
		<key name="order">
			<topic name="Locate definition" url="3220_gotodef.htm"/>
		</key>
	</key>
	<key name="JavaScript file">
		<topic name="Code completion for JavaScript functions" url="3120_codecomplfunc.htm"/>
		<topic name="Content outline" url="3210_functionoutline.htm"/>
		<topic name="Installing JSEclipse" url="2000_installing.htm"/>
		<key name="include">
			<topic name="Code completion for JavaScript functions" url="3120_codecomplfunc.htm"/>
		</key>
	</key>
	<key name="JavaScript functions">
		<topic name="Code completion for JavaScript functions" url="3120_codecomplfunc.htm"/>
		<key name="Code completion">
			<topic name="Code completion for JavaScript functions" url="3120_codecomplfunc.htm"/>
		</key>
	</key>
	<key name="JavaScript projects">
		<topic name="Navigating in JavaScript projects" url="3200_addednavigation.htm"/>
	</key>
	<key name="JavaScript Reference">
		<topic name="Other enhancements" url="3400_otherenhancements.htm"/>
	</key>
	<key name="Js">
		<topic name="About JSEclipse" url="1100_aboutjsec.htm"/>
		<topic name="Code completion for JavaDoc comments" url="3130_javadoc.htm"/>
		<topic name="Other enhancements" url="3400_otherenhancements.htm"/>
		<topic name="Set JSEclipse as the default JavaScript editor" url="2400_setdefjseditor.htm"/>
	</key>
	<key name="Js file">
		<topic name="Other enhancements" url="3400_otherenhancements.htm"/>
		<topic name="Set JSEclipse as the default JavaScript editor" url="2400_setdefjseditor.htm"/>
		<topic name="Workspace orientation" url="1200_wrkspace.htm"/>
	</key>
</indexdata>
