<?xml version="1.0" encoding="UTF-8"?>
<tocdata>
	<book name="JSEclipse Overview" url="1000_aboutjseclipse.htm">
		<item name="About JSEclipse" url="1100_aboutjsec.htm"/>
		<item name="Workspace orientation" url="1200_wrkspace.htm"/>
		<item name="Features" url="1300_prodchar.htm"/>
		<item name="Prerequisites" url="1500_prerequisites.htm"/>
	</book>
	<book name="Installing JSEclipse" url="2000_installing.htm">
		<item name="Install and update JSEclipse with the Update Manager" url="2200_autoinstupdate.htm"/>
		<item name="Configure JSEclipse" url="2300_configurejseclipse.htm"/>
		<item name="Set JSEclipse as the default JavaScript editor" url="2400_setdefjseditor.htm"/>
		<item name="Uninstall JSEclipse" url="2500_uninstaljseclipse.htm"/>
	</book>
	<book name="Using JSEclipse" url="3000_usingjseclipse.htm">
		<book name="Using code completion" url="3100_codecomplet.htm">
			<item name="Code completion for JavaScript functions" url="3120_codecomplfunc.htm"/>
			<item name="Code completion for JavaDoc comments" url="3130_javadoc.htm"/>
			<item name="Extending the code completion" url="3140_extendcodecompletion.htm"/>
		</book>
		<book name="Navigating in JavaScript projects" url="3200_addednavigation.htm">
			<item name="Content outline" url="3210_functionoutline.htm"/>
			<item name="Locate definition" url="3220_gotodef.htm"/>
			<item name="Editing aids" url="3230_editingaids.htm"/>
		</book>
		<item name="Error reporting in the editor" url="3300_jserrordebug.htm"/>
		<item name="Other enhancements" url="3400_otherenhancements.htm"/>
	</book>
	<item name="Other resources" url="4000_otherres.htm"/>
	<item name="Copyright" url="5000_copyright.htm"/>
</tocdata>
